Well Position,Name,Sequence
A1,A1_Plate_3_TruSeq_i5,AATGATACGGCGACCACCGAGATCTACACCACAGACGACACTCTTTCCCTACACGAC*G
A2,A2_Plate_3_TruSeq_i5,AATGATACGGCGACCACCGAGATCTACACTAGCTGTTACACTCTTTCCCTACACGAC*G
A3,A3_Plate_3_TruSeq_i5,AATGATACGGCGACCACCGAGATCTACACTGTCATGAACACTCTTTCCCTACACGAC*G
A4,A4_Plate_3_TruSeq_i5,AATGATACGGCGACCACCGAGATCTACACCTGTTGCTACACTCTTTCCCTACACGAC*G
A5,A5_Plate_3_TruSeq_i5,AATGATACGGCGACCACCGAGATCTACACAGGCACGAACACTCTTTCCCTACACGAC*G
A6,A6_Plate_3_TruSeq_i5,AATGATACGGCGACCACCGAGATCTACACTCAATGTGACACTCTTTCCCTACACGAC*G
A7,A7_Plate_3_TruSeq_i5,AATGATACGGCGACCACCGAGATCTACACAAGTCCGGACACTCTTTCCCTACACGAC*G
A8,A8_Plate_3_TruSeq_i5,AATGATACGGCGACCACCGAGATCTACACCATGCTCTACACTCTTTCCCTACACGAC*G
A9,A9_Plate_3_TruSeq_i5,AATGATACGGCGACCACCGAGATCTACACTAGTCACAACACTCTTTCCCTACACGAC*G
A10,A10_Plate_3_TruSeq_i5,AATGATACGGCGACCACCGAGATCTACACCCATGCAGACACTCTTTCCCTACACGAC*G
A11,A11_Plate_3_TruSeq_i5,AATGATACGGCGACCACCGAGATCTACACCGCAAGCTACACTCTTTCCCTACACGAC*G
A12,A12_Plate_3_TruSeq_i5,AATGATACGGCGACCACCGAGATCTACACACTCAGTGACACTCTTTCCCTACACGAC*G
B1,B1_Plate_3_TruSeq_i5,AATGATACGGCGACCACCGAGATCTACACCAGCGTATACACTCTTTCCCTACACGAC*G
B2,B2_Plate_3_TruSeq_i5,AATGATACGGCGACCACCGAGATCTACACATCTCCTAACACTCTTTCCCTACACGAC*G
B3,B3_Plate_3_TruSeq_i5,AATGATACGGCGACCACCGAGATCTACACATTATCCGACACTCTTTCCCTACACGAC*G
B4,B4_Plate_3_TruSeq_i5,AATGATACGGCGACCACCGAGATCTACACTCACTGCTACACTCTTTCCCTACACGAC*G
B5,B5_Plate_3_TruSeq_i5,AATGATACGGCGACCACCGAGATCTACACCTACTCCTACACTCTTTCCCTACACGAC*G
B6,B6_Plate_3_TruSeq_i5,AATGATACGGCGACCACCGAGATCTACACTCCGAAGAACACTCTTTCCCTACACGAC*G
B7,B7_Plate_3_TruSeq_i5,AATGATACGGCGACCACCGAGATCTACACTTGACGAAACACTCTTTCCCTACACGAC*G
B8,B8_Plate_3_TruSeq_i5,AATGATACGGCGACCACCGAGATCTACACCGACAATAACACTCTTTCCCTACACGAC*G
B9,B9_Plate_3_TruSeq_i5,AATGATACGGCGACCACCGAGATCTACACTTGGTTCTACACTCTTTCCCTACACGAC*G
B10,B10_Plate_3_TruSeq_i5,AATGATACGGCGACCACCGAGATCTACACTATGCCGGACACTCTTTCCCTACACGAC*G
B11,B11_Plate_3_TruSeq_i5,AATGATACGGCGACCACCGAGATCTACACACCTTGAAACACTCTTTCCCTACACGAC*G
B12,B12_Plate_3_TruSeq_i5,AATGATACGGCGACCACCGAGATCTACACACTCGTATACACTCTTTCCCTACACGAC*G
C1,C1_Plate_3_TruSeq_i5,AATGATACGGCGACCACCGAGATCTACACTACTGCAAACACTCTTTCCCTACACGAC*G
C2,C2_Plate_3_TruSeq_i5,AATGATACGGCGACCACCGAGATCTACACCTTAACGTACACTCTTTCCCTACACGAC*G
C3,C3_Plate_3_TruSeq_i5,AATGATACGGCGACCACCGAGATCTACACCAAGATCAACACTCTTTCCCTACACGAC*G
C4,C4_Plate_3_TruSeq_i5,AATGATACGGCGACCACCGAGATCTACACCAATTGCGACACTCTTTCCCTACACGAC*G
C5,C5_Plate_3_TruSeq_i5,AATGATACGGCGACCACCGAGATCTACACACATCGGTACACTCTTTCCCTACACGAC*G
C6,C6_Plate_3_TruSeq_i5,AATGATACGGCGACCACCGAGATCTACACATGAGCTAACACTCTTTCCCTACACGAC*G
C7,C7_Plate_3_TruSeq_i5,AATGATACGGCGACCACCGAGATCTACACCACCGATTACACTCTTTCCCTACACGAC*G
C8,C8_Plate_3_TruSeq_i5,AATGATACGGCGACCACCGAGATCTACACTCGCTGAGACACTCTTTCCCTACACGAC*G
C9,C9_Plate_3_TruSeq_i5,AATGATACGGCGACCACCGAGATCTACACTAAGGACAACACTCTTTCCCTACACGAC*G
C10,C10_Plate_3_TruSeq_i5,AATGATACGGCGACCACCGAGATCTACACACCGATGGACACTCTTTCCCTACACGAC*G
C11,C11_Plate_3_TruSeq_i5,AATGATACGGCGACCACCGAGATCTACACCTTCGCAGACACTCTTTCCCTACACGAC*G
C12,C12_Plate_3_TruSeq_i5,AATGATACGGCGACCACCGAGATCTACACCCTTCTGGACACTCTTTCCCTACACGAC*G
D1,D1_Plate_3_TruSeq_i5,AATGATACGGCGACCACCGAGATCTACACCACCAACAACACTCTTTCCCTACACGAC*G
D2,D2_Plate_3_TruSeq_i5,AATGATACGGCGACCACCGAGATCTACACCCTTGGCTACACTCTTTCCCTACACGAC*G
D3,D3_Plate_3_TruSeq_i5,AATGATACGGCGACCACCGAGATCTACACCCGAGCTTACACTCTTTCCCTACACGAC*G
D4,D4_Plate_3_TruSeq_i5,AATGATACGGCGACCACCGAGATCTACACTTCGATGTACACTCTTTCCCTACACGAC*G
D5,D5_Plate_3_TruSeq_i5,AATGATACGGCGACCACCGAGATCTACACCTAGGTGTACACTCTTTCCCTACACGAC*G
D6,D6_Plate_3_TruSeq_i5,AATGATACGGCGACCACCGAGATCTACACCCGCACATACACTCTTTCCCTACACGAC*G
D7,D7_Plate_3_TruSeq_i5,AATGATACGGCGACCACCGAGATCTACACAGAACCATACACTCTTTCCCTACACGAC*G
D8,D8_Plate_3_TruSeq_i5,AATGATACGGCGACCACCGAGATCTACACTCAGACAAACACTCTTTCCCTACACGAC*G
D9,D9_Plate_3_TruSeq_i5,AATGATACGGCGACCACCGAGATCTACACACGAATCGACACTCTTTCCCTACACGAC*G
D10,D10_Plate_3_TruSeq_i5,AATGATACGGCGACCACCGAGATCTACACATGCGCCTACACTCTTTCCCTACACGAC*G
D11,D11_Plate_3_TruSeq_i5,AATGATACGGCGACCACCGAGATCTACACTATGCGATACACTCTTTCCCTACACGAC*G
D12,D12_Plate_3_TruSeq_i5,AATGATACGGCGACCACCGAGATCTACACCGATGAGAACACTCTTTCCCTACACGAC*G
E1,E1_Plate_3_TruSeq_i5,AATGATACGGCGACCACCGAGATCTACACACGTGCTGACACTCTTTCCCTACACGAC*G
E2,E2_Plate_3_TruSeq_i5,AATGATACGGCGACCACCGAGATCTACACCCTCATCTACACTCTTTCCCTACACGAC*G
E3,E3_Plate_3_TruSeq_i5,AATGATACGGCGACCACCGAGATCTACACATACCTCAACACTCTTTCCCTACACGAC*G
E4,E4_Plate_3_TruSeq_i5,AATGATACGGCGACCACCGAGATCTACACTCTGGTCAACACTCTTTCCCTACACGAC*G
E5,E5_Plate_3_TruSeq_i5,AATGATACGGCGACCACCGAGATCTACACTACGAGCTACACTCTTTCCCTACACGAC*G
E6,E6_Plate_3_TruSeq_i5,AATGATACGGCGACCACCGAGATCTACACCAGTCCTAACACTCTTTCCCTACACGAC*G
E7,E7_Plate_3_TruSeq_i5,AATGATACGGCGACCACCGAGATCTACACCTAAGCGGACACTCTTTCCCTACACGAC*G
E8,E8_Plate_3_TruSeq_i5,AATGATACGGCGACCACCGAGATCTACACATTGCATGACACTCTTTCCCTACACGAC*G
E9,E9_Plate_3_TruSeq_i5,AATGATACGGCGACCACCGAGATCTACACCCTACGTGACACTCTTTCCCTACACGAC*G
E10,E10_Plate_3_TruSeq_i5,AATGATACGGCGACCACCGAGATCTACACTTGGCCATACACTCTTTCCCTACACGAC*G
E11,E11_Plate_3_TruSeq_i5,AATGATACGGCGACCACCGAGATCTACACAACCTGTGACACTCTTTCCCTACACGAC*G
E12,E12_Plate_3_TruSeq_i5,AATGATACGGCGACCACCGAGATCTACACCGTGCACAACACTCTTTCCCTACACGAC*G
F1,F1_Plate_3_TruSeq_i5,AATGATACGGCGACCACCGAGATCTACACCGTATGGTACACTCTTTCCCTACACGAC*G
F2,F2_Plate_3_TruSeq_i5,AATGATACGGCGACCACCGAGATCTACACATTAGGCAACACTCTTTCCCTACACGAC*G
F3,F3_Plate_3_TruSeq_i5,AATGATACGGCGACCACCGAGATCTACACTGATAACGACACTCTTTCCCTACACGAC*G
F4,F4_Plate_3_TruSeq_i5,AATGATACGGCGACCACCGAGATCTACACACGCTATAACACTCTTTCCCTACACGAC*G
F5,F5_Plate_3_TruSeq_i5,AATGATACGGCGACCACCGAGATCTACACACGTAAGAACACTCTTTCCCTACACGAC*G
F6,F6_Plate_3_TruSeq_i5,AATGATACGGCGACCACCGAGATCTACACTGAACGCGACACTCTTTCCCTACACGAC*G
F7,F7_Plate_3_TruSeq_i5,AATGATACGGCGACCACCGAGATCTACACCAAGAATGACACTCTTTCCCTACACGAC*G
F8,F8_Plate_3_TruSeq_i5,AATGATACGGCGACCACCGAGATCTACACACCATCCAACACTCTTTCCCTACACGAC*G
F9,F9_Plate_3_TruSeq_i5,AATGATACGGCGACCACCGAGATCTACACATGTACCAACACTCTTTCCCTACACGAC*G
F10,F10_Plate_3_TruSeq_i5,AATGATACGGCGACCACCGAGATCTACACCGCTTAAGACACTCTTTCCCTACACGAC*G
F11,F11_Plate_3_TruSeq_i5,AATGATACGGCGACCACCGAGATCTACACTGTATTCGACACTCTTTCCCTACACGAC*G
F12,F12_Plate_3_TruSeq_i5,AATGATACGGCGACCACCGAGATCTACACACAGTGTTACACTCTTTCCCTACACGAC*G
G1,G1_Plate_3_TruSeq_i5,AATGATACGGCGACCACCGAGATCTACACCAGATCCGACACTCTTTCCCTACACGAC*G
G2,G2_Plate_3_TruSeq_i5,AATGATACGGCGACCACCGAGATCTACACCAGGTAAGACACTCTTTCCCTACACGAC*G
G3,G3_Plate_3_TruSeq_i5,AATGATACGGCGACCACCGAGATCTACACTGTTCCTAACACTCTTTCCCTACACGAC*G
G4,G4_Plate_3_TruSeq_i5,AATGATACGGCGACCACCGAGATCTACACAGCACTTGACACTCTTTCCCTACACGAC*G
G5,G5_Plate_3_TruSeq_i5,AATGATACGGCGACCACCGAGATCTACACCCTCCAGTACACTCTTTCCCTACACGAC*G
G6,G6_Plate_3_TruSeq_i5,AATGATACGGCGACCACCGAGATCTACACTGTTCAGGACACTCTTTCCCTACACGAC*G
G7,G7_Plate_3_TruSeq_i5,AATGATACGGCGACCACCGAGATCTACACCTTCTGTAACACTCTTTCCCTACACGAC*G
G8,G8_Plate_3_TruSeq_i5,AATGATACGGCGACCACCGAGATCTACACAACGCACGACACTCTTTCCCTACACGAC*G
G9,G9_Plate_3_TruSeq_i5,AATGATACGGCGACCACCGAGATCTACACTAATCCAGACACTCTTTCCCTACACGAC*G
G10,G10_Plate_3_TruSeq_i5,AATGATACGGCGACCACCGAGATCTACACCCACCGTAACACTCTTTCCCTACACGAC*G
G11,G11_Plate_3_TruSeq_i5,AATGATACGGCGACCACCGAGATCTACACCTTCCTCGACACTCTTTCCCTACACGAC*G
G12,G12_Plate_3_TruSeq_i5,AATGATACGGCGACCACCGAGATCTACACAGAGTGCAACACTCTTTCCCTACACGAC*G
H1,H1_Plate_3_TruSeq_i5,AATGATACGGCGACCACCGAGATCTACACTAACAAGGACACTCTTTCCCTACACGAC*G
H2,H2_Plate_3_TruSeq_i5,AATGATACGGCGACCACCGAGATCTACACCAGTGACTACACTCTTTCCCTACACGAC*G
H3,H3_Plate_3_TruSeq_i5,AATGATACGGCGACCACCGAGATCTACACACCGGCTAACACTCTTTCCCTACACGAC*G
H4,H4_Plate_3_TruSeq_i5,AATGATACGGCGACCACCGAGATCTACACATACTGGTACACTCTTTCCCTACACGAC*G
H5,H5_Plate_3_TruSeq_i5,AATGATACGGCGACCACCGAGATCTACACCACAAGTGACACTCTTTCCCTACACGAC*G
H6,H6_Plate_3_TruSeq_i5,AATGATACGGCGACCACCGAGATCTACACCTGGACAAACACTCTTTCCCTACACGAC*G
H7,H7_Plate_3_TruSeq_i5,AATGATACGGCGACCACCGAGATCTACACTCAGTTGAACACTCTTTCCCTACACGAC*G
H8,H8_Plate_3_TruSeq_i5,AATGATACGGCGACCACCGAGATCTACACATAGACGTACACTCTTTCCCTACACGAC*G
H9,H9_Plate_3_TruSeq_i5,AATGATACGGCGACCACCGAGATCTACACAGCGTGGTACACTCTTTCCCTACACGAC*G
H10,H10_Plate_3_TruSeq_i5,AATGATACGGCGACCACCGAGATCTACACCCAATGATACACTCTTTCCCTACACGAC*G
H11,H11_Plate_3_TruSeq_i5,AATGATACGGCGACCACCGAGATCTACACAGTGCTTAACACTCTTTCCCTACACGAC*G
H12,H12_Plate_3_TruSeq_i5,AATGATACGGCGACCACCGAGATCTACACTTCTCAGTACACTCTTTCCCTACACGAC*G